{"1":{"showTime":0.5},"2":{"shakePower":20,"shakeTime":1},"3":{"scaleBegin":1,"scaleEnd":1.5,"scaleTime":1.5},"4":{"scaleBegin":0.5,"scaleEnd":1,"scaleTime":1.5},"5":{"scaleBegin":0.5,"scaleEnd":1.5,"scaleTime":1.5,"showTime":0.5},"6":{"showTime":0.5,"move1X":60,"move1Y":0,"move1Time":0.5},"7":{"showTime":0.5,"move1X":480.5,"move1Y":0,"move1Time":0.5},"8":{"move1X":100,"move1Y":0,"move1Time":0.200000000000000011102230246251565404236316680908203125,"move2X":0,"move2Y":0,"move2Time":0.200000000000000011102230246251565404236316680908203125},"9":{"move1X":440.5,"move1Y":0,"move1Time":0.200000000000000011102230246251565404236316680908203125,"move2X":540.5,"move2Y":0,"move2Time":0.200000000000000011102230246251565404236316680908203125},"10":{"move1X":-300,"move1Y":0,"move1Time":0.5},"11":{"scaleBegin":1,"scaleEnd":0.5,"scaleTime":1},"12":{"move1X":1300,"move1Y":0,"move1Time":0.5},"13":{"move1X":0,"move1Y":0,"move1Time":0.5},"14":{"move1X":540.5,"move1Y":0,"move1Time":0.5},"15":{"shakePower":10,"shakeTime":0.5},"16":{"hideTime":1,"move1X":415,"move1Y":120,"move1Time":0.5},"17":{"shakePower":100,"shakeTime":1.5}}